{
    "allStates": [
        {"sigla": "AC", "nome": "Acre"},
        {"sigla": "AL", "nome": "Alagoas"},
        {"sigla": "AP", "nome": "Amapá"},
        {"sigla": "AM", "nome": "Amazonas"},
        {"sigla": "BA", "nome": "Bahia"},
        {"sigla": "CE", "nome": "Ceará"},
        {"sigla": "DF", "nome": "Distrito Federal"},
        {"sigla": "ES", "nome": "Espírito Santo"},
        {"sigla": "GO", "nome": "Goiás"},
        {"sigla": "MA", "nome": "Maranhão"},
        {"sigla": "MT", "nome": "Mato Grosso"},
        {"sigla": "MS", "nome": "Mato Grosso do Sul"},
        {"sigla": "MG", "nome": "Minas Gerais"},
        {"sigla": "PA", "nome": "Pará"},
        {"sigla": "PB", "nome": "Paraíba"},
        {"sigla": "PR", "nome": "Paraná"},
        {"sigla": "PE", "nome": "Pernambuco"},
        {"sigla": "PI", "nome": "Piauí"},
        {"sigla": "RJ", "nome": "Rio de Janeiro"},
        {"sigla": "RN", "nome": "Rio Grande do Norte"},
        {"sigla": "RS", "nome": "Rio Grande do Sul"},
        {"sigla": "RO", "nome": "Rondônia"},
        {"sigla": "RR", "nome": "Roraima"},
        {"sigla": "SC", "nome": "Santa Catarina"},
        {"sigla": "SP", "nome": "São Paulo"},
        {"sigla": "SE", "nome": "Sergipe"},
        {"sigla": "TO", "nome": "Tocantins"}
    ],
    "availableMunicipalities": [
        {"municipality": "Aracruz", "state": "ES"},
        {"municipality": "Anchieta", "state": "ES"},
        {"municipality": "Vitória", "state": "ES"},
        {"municipality": "Vila Velha", "state": "ES"},
        {"municipality": "Linhares", "state": "ES"},
        {"municipality": "Cachoeiro de Itapemirim", "state": "ES"},
        {"municipality": "Viana", "state": "ES"},
        {"municipality": "Serra", "state": "ES"},
        {"municipality": "Cariacica", "state": "ES"},
        {"municipality": "Venda Nova do Imigrante", "state": "ES"},
        {"municipality": "Santa Maria de Jetibá", "state": "ES"},
        {"municipality": "Santa Leopoldina", "state": "ES"},
        {"municipality": "Iconha", "state": "ES"},
        {"municipality": "Guarapari", "state": "ES"},
        {"municipality": "Fundão", "state": "ES"},
        {"municipality": "Colatina", "state": "ES"},
        {"municipality": "Nova Venécia", "state": "ES"},
        {"municipality": "Campos dos Goytacazes", "state": "RJ"},
        {"municipality": "Itupeva", "state": "SP"},
        {"municipality": "Barueri", "state": "SP"},
        {"municipality": "São José do Rio Preto", "state": "SP"},
        {"municipality": "Marília", "state": "SP"},
        {"municipality": "Jundiaí", "state": "SP"},
        {"municipality": "Teófilo Otoni", "state": "MG"},
        {"municipality": "Bento Gonçalves", "state": "RS"},
        {"municipality": "Campo Bom", "state": "RS"},
        {"municipality": "Fortaleza", "state": "CE"},
        {"municipality": "São José dos Pinhais", "state": "PR"},
        {"municipality": "Macapá", "state": "AP"},
        {"municipality": "Manaus", "state": "AM"},
        {"municipality": "Maruim", "state": "SE"},
        {"municipality": "Petrolina", "state": "PE"},
        {"municipality": "Imperatriz", "state": "MA"},
        {"municipality": "Ribeirão das Neves", "state": "MG"},
        {"municipality": "Ribeirão Preto", "state": "SP"},
        {"municipality": "Rio Branco", "state": "AC"},
        {"municipality": "Rio Grande da Serra", "state": "SP"},
        {"municipality": "Santa Rita", "state": "PB"},
        {"municipality": "São Luís", "state": "MA"},
        {"municipality": "Sumaré", "state": "SP"},
        {"municipality": "Teixeira de Freitas", "state": "BA"},
        {"municipality": "Teresina", "state": "PI"},
        {"municipality": "Varginha", "state": "MG"},
        {"municipality": "Rio Largo", "state": "AL"},
        {"municipality": "Ananindeua", "state": "PA"},
        {"municipality": "Aracaju", "state": "SE"},
        {"municipality": "Boa Vista", "state": "RR"},
        {"municipality": "Campinas", "state": "SP"},
        {"municipality": "Campo Grande", "state": "MS"},
        {"municipality": "Chapecó", "state": "SC"},
        {"municipality": "Distrito Federal", "state": "DF"},
        {"municipality": "Garuva", "state": "SC"},
        {"municipality": "Ilhéus", "state": "BA"},
        {"municipality": "Jaboatão dos Guararapes", "state": "PE"},
        {"municipality": "Jandira", "state": "SP"},
        {"municipality": "João Neiva", "state": "ES"},
        {"municipality": "Juazeiro do Norte", "state": "CE"},
        {"municipality": "Juiz de Fora", "state": "MG"},
        {"municipality": "Lauro de Freitas", "state": "BA"},
        {"municipality": "Barra de São Francisco", "state": "ES"},
        {"municipality": "Ouro Branco", "state": "MG"},
        {"municipality": "Itatiba", "state": "SP"},
        {"municipality": "Porto Alegre", "state": "RS"},
        {"municipality": "Montenegro", "state": "RS"},
        {"municipality": "João Pessoa", "state": "PB"},
        {"municipality": "São Paulo", "state": "SP"},
        {"municipality": "Belo Horizonte", "state": "MG"},
        {"municipality": "Goioerê", "state": "PR"},
        {"municipality": "Rio de Janeiro", "state": "RJ"},
        {"municipality": "São José", "state": "SC"},
        {"municipality": "Diadema", "state": "SP"},
        {"municipality": "Vitória da Conquista", "state": "BA"},
        {"municipality": "Poções", "state": "BA"},
        {"municipality": "Ribeira do Pombal", "state": "BA"},
        {"municipality": "Maceió", "state": "AL"},
        {"municipality": "Itapetininga", "state": "SP"},
        {"municipality": "Betim", "state": "MG"},
        {"municipality": "Pinhais", "state": "PR"},
        {"municipality": "Umuarama", "state": "PR"},
        {"municipality": "São Francisco do Sul", "state": "SC"},
        {"municipality": "São João Batista", "state": "SC"},
        {"municipality": "Santos", "state": "SP"},
        {"municipality": "Guaçui", "state": "ES"},
        {"municipality": "Anápolis", "state": "GO"},
        {"municipality": "Mineiros", "state": "GO"},
        {"municipality": "Goiânia", "state": "GO"},
        {"municipality": "Santo Antônio", "state": "RN"}
    ]
}